# Users

insert into users (id, created_at, updated_at, email, name, address, verified) values (1, '2023-07-22 22:54:16', '2023-04-24 16:43:28', 'gcornu0@last.fm', 'Godfrey', '355 Elka Way', true);
insert into users (id, created_at, updated_at, email, name, address, verified) values (2, '2022-10-18 00:57:33', '2023-01-01 21:40:36', 'dyoull1@reference.com', 'Danita', '2197 Burning Wood Hill', true);
insert into users (id, created_at, updated_at, email, name, address, verified) values (3, '2022-11-12 21:47:49', '2022-11-23 11:32:59', 'dkennedy2@umich.edu', 'Duncan', '4 Tomscot Center', false);
insert into users (id, created_at, updated_at, email, name, address, verified) values (4, '2023-03-30 14:03:09', '2022-10-14 05:42:45', 'bdanielsen3@umich.edu', 'Bowie', '8887 Pierstorff Terrace', false);
insert into users (id, created_at, updated_at, email, name, address, verified) values (5, '2022-11-30 21:21:11', '2023-08-01 18:16:50', 'fbertin4@etsy.com', 'Filberte', '42 Hayes Hill', false);
insert into users (id, created_at, updated_at, email, name, address, verified) values (6, '2022-10-18 13:54:41', '2022-12-18 14:05:03', 'irowcliffe5@instagram.com', 'Ibbie', '1 Delladonna Avenue', true);
insert into users (id, created_at, updated_at, email, name, address, verified) values (7, '2022-11-20 02:03:48', '2023-07-21 22:38:18', 'dgiacovazzo6@google.com.au', 'Diana', '24057 Fair Oaks Park', true);
insert into users (id, created_at, updated_at, email, name, address, verified) values (8, '2023-02-20 07:18:47', '2022-08-31 18:27:44', 'maviss7@myspace.com', 'Madeline', '4860 Walton Place', false);
insert into users (id, created_at, updated_at, email, name, address, verified) values (9, '2022-12-08 05:51:43', '2023-05-20 20:32:02', 'epitchers8@mail.ru', 'Erin', '1 Meadow Ridge Court', true);
insert into users (id, created_at, updated_at, email, name, address, verified) values (10, '2022-08-20 11:20:45', '2022-10-27 03:59:15', 'mmcgroarty9@deviantart.com', 'Muffin', '87 Gulseth Avenue', false);
insert into users (id, created_at, updated_at, email, name, address, verified) values (11, '2022-09-20 04:33:11', '2023-08-03 23:09:09', 'vdymicka@printfriendly.com', 'Valerye', '1312 Elmside Road', true);
insert into users (id, created_at, updated_at, email, name, address, verified) values (12, '2023-03-29 11:02:43', '2022-09-06 02:40:46', 'atroyb@shinystat.com', 'Ansell', '2396 Gateway Park', false);
insert into users (id, created_at, updated_at, email, name, address, verified) values (13, '2022-09-11 09:21:16', '2023-04-04 00:28:11', 'nblaineyc@vistaprint.com', 'Nowell', '90 Arrowood Trail', true);
insert into users (id, created_at, updated_at, email, name, address, verified) values (14, '2022-11-27 15:04:41', '2023-01-04 03:56:29', 'gearleyd@smh.com.au', 'Gibbie', '73 Towne Parkway', true);
insert into users (id, created_at, updated_at, email, name, address, verified) values (15, '2023-05-18 03:44:34', '2023-06-18 06:05:37', 'aforcee@google.nl', 'Ara', '2 Declaration Court', false);
insert into users (id, created_at, updated_at, email, name, address, verified) values (16, '2023-06-20 22:31:10', '2023-05-08 19:46:29', 'mfaustianf@addtoany.com', 'Mic', '4027 Golf Course Junction', false);
insert into users (id, created_at, updated_at, email, name, address, verified) values (17, '2023-02-12 04:16:08', '2022-12-17 16:03:24', 'cjellybrandg@hubpages.com', 'Consuelo', '363 Superior Circle', true);
insert into users (id, created_at, updated_at, email, name, address, verified) values (18, '2023-04-03 13:23:43', '2022-08-28 05:16:23', 'ekymeh@symantec.com', 'Eddie', '25084 Brown Lane', true);
insert into users (id, created_at, updated_at, email, name, address, verified) values (19, '2023-06-03 14:25:01', '2023-01-10 16:33:48', 'slaythami@state.tx.us', 'Sammie', '28 Main Place', false);
insert into users (id, created_at, updated_at, email, name, address, verified) values (20, '2023-07-07 14:05:05', '2023-07-28 00:00:03', 'scammellj@wufoo.com', 'Sharyl', '526 East Circle', false);

# Organizations

insert into organizations (id, created_at, updated_at, owner_id, name, description, public) values (1, '2022-10-05 03:03:04', '2022-11-10 17:37:28', 1, 'Ainyx', 'Lorem ipsum business description ', true);
insert into organizations (id, created_at, updated_at, owner_id, name, description, public) values (2, '2022-11-09 14:24:55', '2023-07-21 12:24:17', 2, 'Youopia', 'Lorem ipsum business description ', false);
insert into organizations (id, created_at, updated_at, owner_id, name, description, public) values (3, '2023-05-16 06:44:56', '2023-04-07 17:10:09', 3, 'Divanoodle', 'Lorem ipsum business description ', false);
insert into organizations (id, created_at, updated_at, owner_id, name, description, public) values (4, '2023-06-15 09:24:39', '2023-05-16 17:22:44', 4, 'Feedspan', 'Lorem ipsum business description ', false);
insert into organizations (id, created_at, updated_at, owner_id, name, description, public) values (5, '2023-05-27 18:47:03', '2023-02-24 02:30:34', 5, 'Yakijo', 'Lorem ipsum business description ', false);
insert into organizations (id, created_at, updated_at, owner_id, name, description, public) values (6, '2023-04-01 10:39:02', '2023-04-13 23:49:31', 6, 'Jaxbean', 'Lorem ipsum business description ', true);
insert into organizations (id, created_at, updated_at, owner_id, name, description, public) values (7, '2022-09-11 02:18:23', '2023-04-13 13:38:04', 7, 'Kwinu', 'Lorem ipsum business description ', false);
insert into organizations (id, created_at, updated_at, owner_id, name, description, public) values (8, '2022-08-21 11:03:25', '2022-11-02 05:54:40', 8, 'Roombo', 'Lorem ipsum business description ', false);
insert into organizations (id, created_at, updated_at, owner_id, name, description, public) values (9, '2022-11-25 17:07:19', '2023-08-06 05:33:50', 9, 'Ntag', 'Lorem ipsum business description ', true);
insert into organizations (id, created_at, updated_at, owner_id, name, description, public) values (10, '2022-10-14 06:48:15', '2023-03-10 22:01:32', 10, 'Dynabox', 'Lorem ipsum business description ', true);
insert into organizations (id, created_at, updated_at, owner_id, name, description, public) values (11, '2023-04-05 00:20:52', '2023-04-17 23:09:27', 11, 'Fivespan', 'Lorem ipsum business description ', true);
insert into organizations (id, created_at, updated_at, owner_id, name, description, public) values (12, '2022-08-27 07:42:52', '2022-12-09 10:59:09', 12, 'Yodoo', 'Lorem ipsum business description ', true);
insert into organizations (id, created_at, updated_at, owner_id, name, description, public) values (13, '2022-08-23 19:36:29', '2022-10-26 10:38:38', 13, 'Buzzster', 'Lorem ipsum business description ', true);
insert into organizations (id, created_at, updated_at, owner_id, name, description, public) values (14, '2023-03-03 17:37:24', '2022-10-30 10:27:44', 14, 'Photojam', 'Lorem ipsum business description ', true);
insert into organizations (id, created_at, updated_at, owner_id, name, description, public) values (15, '2023-07-14 17:57:01', '2022-09-17 00:54:50', 15, 'Tavu', 'Lorem ipsum business description ', true);
insert into organizations (id, created_at, updated_at, owner_id, name, description, public) values (16, '2023-01-31 14:32:47', '2023-01-05 10:50:38', 16, 'Jayo', 'Lorem ipsum business description ', true);
insert into organizations (id, created_at, updated_at, owner_id, name, description, public) values (17, '2022-08-26 04:15:52', '2022-09-17 19:46:43', 17, 'Realcube', 'Lorem ipsum business description ', true);
insert into organizations (id, created_at, updated_at, owner_id, name, description, public) values (18, '2023-06-26 14:05:36', '2022-12-03 22:32:24', 18, 'Shufflebeat', 'Lorem ipsum business description ', true);
insert into organizations (id, created_at, updated_at, owner_id, name, description, public) values (19, '2022-11-13 09:29:06', '2023-02-20 21:15:22', 19, 'Blognation', 'Lorem ipsum business description ', false);
insert into organizations (id, created_at, updated_at, owner_id, name, description, public) values (20, '2022-08-23 01:25:06', '2022-10-25 04:51:18', 20, 'Muxo', 'Lorem ipsum business description ', false);

# Accounts

insert into accounts (id, created_at, updated_at, limit_amount, user_id, organization_id, total, payment_interval) values (1, '2023-01-27 18:15:10', '2022-09-30 18:59:18', 87688, 1, 1, 70366, 'm');
insert into accounts (id, created_at, updated_at, limit_amount, user_id, organization_id, total, payment_interval) values (2, '2022-11-01 19:25:08', '2022-08-18 08:13:16', 97635, 2, 2, 190280, 'm');
insert into accounts (id, created_at, updated_at, limit_amount, user_id, organization_id, total, payment_interval) values (3, '2022-11-25 23:11:29', '2023-01-30 20:11:35', 2321, 3, 3, 164239, 'm');
insert into accounts (id, created_at, updated_at, limit_amount, user_id, organization_id, total, payment_interval) values (4, '2023-02-14 07:59:01', '2023-03-06 04:48:35', 72179, 4, 4, 58332, 'm');
insert into accounts (id, created_at, updated_at, limit_amount, user_id, organization_id, total, payment_interval) values (5, '2023-06-27 02:44:03', '2023-02-17 14:24:29', 196653, 5, 5, 109201, 'm');
insert into accounts (id, created_at, updated_at, limit_amount, user_id, organization_id, total, payment_interval) values (6, '2023-07-24 14:01:47', '2023-04-20 17:55:17', 93734, 6, 6, 122335, 'm');
insert into accounts (id, created_at, updated_at, limit_amount, user_id, organization_id, total, payment_interval) values (7, '2023-01-17 16:08:58', '2023-02-18 03:27:26', 44186, 7, 7, 183907, 'm');
insert into accounts (id, created_at, updated_at, limit_amount, user_id, organization_id, total, payment_interval) values (8, '2022-09-22 11:35:39', '2022-12-19 20:57:05', 20602, 8, 8, 97800, 'm');
insert into accounts (id, created_at, updated_at, limit_amount, user_id, organization_id, total, payment_interval) values (9, '2023-03-22 19:46:00', '2023-07-05 15:05:47', 99522, 9, 9, 40799, 'm');
insert into accounts (id, created_at, updated_at, limit_amount, user_id, organization_id, total, payment_interval) values (10, '2022-10-06 23:21:18', '2022-09-01 12:49:12', 173782, 10, 10, 96557, 'm');
insert into accounts (id, created_at, updated_at, limit_amount, user_id, organization_id, total, payment_interval) values (11, '2023-05-10 08:36:33', '2023-05-30 22:02:55', 61762, 11, 11, 71245, 'm');
insert into accounts (id, created_at, updated_at, limit_amount, user_id, organization_id, total, payment_interval) values (12, '2022-10-29 04:36:26', '2023-07-25 23:05:54', 76638, 12, 12, 187311, 'm');
insert into accounts (id, created_at, updated_at, limit_amount, user_id, organization_id, total, payment_interval) values (13, '2023-03-02 01:44:07', '2022-09-23 05:07:07', 11083, 13, 13, 167583, 'm');
insert into accounts (id, created_at, updated_at, limit_amount, user_id, organization_id, total, payment_interval) values (14, '2023-01-17 13:14:30', '2022-11-23 04:32:34', 28572, 14, 14, 135362, 'm');
insert into accounts (id, created_at, updated_at, limit_amount, user_id, organization_id, total, payment_interval) values (15, '2023-07-18 01:35:18', '2022-10-16 04:47:03', 106750, 15, 15, 44898, 'm');
insert into accounts (id, created_at, updated_at, limit_amount, user_id, organization_id, total, payment_interval) values (16, '2022-08-19 16:57:29', '2022-10-30 22:14:45', 90720, 16, 16, 189353, 'm');
insert into accounts (id, created_at, updated_at, limit_amount, user_id, organization_id, total, payment_interval) values (17, '2022-09-18 22:08:20', '2022-12-16 03:35:49', 107203, 17, 17, 132652, 'm');
insert into accounts (id, created_at, updated_at, limit_amount, user_id, organization_id, total, payment_interval) values (18, '2022-12-03 05:29:12', '2022-11-03 07:37:34', 93993, 18, 18, 167126, 'm');
insert into accounts (id, created_at, updated_at, limit_amount, user_id, organization_id, total, payment_interval) values (19, '2022-10-04 03:03:24', '2023-02-26 05:43:03', 72349, 19, 19, 10406, 'm');
insert into accounts (id, created_at, updated_at, limit_amount, user_id, organization_id, total, payment_interval) values (20, '2023-02-13 15:49:31', '2023-02-19 01:30:39', 44762, 20, 20, 141242, 'm');